Device,Test Name,Test Status,Message(s),Test description,Test category
dc2-brdr1,VerifyEnvironmentCooling,skipped,VerifyEnvironmentCooling test is not supported on vEOS-lab,Verifies the status of power supply fans and all fan trays.,Hardware
dc2-brdr1,VerifyEnvironmentPower,skipped,VerifyEnvironmentPower test is not supported on vEOS-lab,Verifies the power supplies state and input voltage.,Hardware
dc2-brdr1,VerifyEnvironmentSystemCooling,skipped,VerifyEnvironmentSystemCooling test is not supported on vEOS-lab,Verifies the device's system cooling status.,Hardware
dc2-brdr1,VerifyInventory,skipped,VerifyInventory test is not supported on vEOS-lab,Verifies the physical hardware inventory of the device.,Hardware
dc2-brdr1,VerifyTemperature,skipped,VerifyTemperature test is not supported on vEOS-lab,Verifies if the device temperature is within acceptable limits.,Hardware
dc2-brdr1,VerifyTransceiversManufacturers,skipped,VerifyTransceiversManufacturers test is not supported on vEOS-lab,Verifies if all the transceivers come from approved manufacturers.,Hardware
dc2-brdr1,VerifyTransceiversTemperature,skipped,VerifyTransceiversTemperature test is not supported on vEOS-lab,Verifies if all the transceivers are operating at an acceptable temperature.,Hardware
dc2-brdr2,VerifyEnvironmentCooling,skipped,VerifyEnvironmentCooling test is not supported on vEOS-lab,Verifies the status of power supply fans and all fan trays.,Hardware
dc2-brdr2,VerifyEnvironmentPower,skipped,VerifyEnvironmentPower test is not supported on vEOS-lab,Verifies the power supplies state and input voltage.,Hardware
dc2-brdr2,VerifyEnvironmentSystemCooling,skipped,VerifyEnvironmentSystemCooling test is not supported on vEOS-lab,Verifies the device's system cooling status.,Hardware
dc2-brdr2,VerifyInventory,skipped,VerifyInventory test is not supported on vEOS-lab,Verifies the physical hardware inventory of the device.,Hardware
dc2-brdr2,VerifyTemperature,skipped,VerifyTemperature test is not supported on vEOS-lab,Verifies if the device temperature is within acceptable limits.,Hardware
dc2-brdr2,VerifyTransceiversManufacturers,skipped,VerifyTransceiversManufacturers test is not supported on vEOS-lab,Verifies if all the transceivers come from approved manufacturers.,Hardware
dc2-brdr2,VerifyTransceiversTemperature,skipped,VerifyTransceiversTemperature test is not supported on vEOS-lab,Verifies if all the transceivers are operating at an acceptable temperature.,Hardware
dc2-leaf1,VerifyEnvironmentCooling,skipped,VerifyEnvironmentCooling test is not supported on vEOS-lab,Verifies the status of power supply fans and all fan trays.,Hardware
dc2-leaf1,VerifyEnvironmentPower,skipped,VerifyEnvironmentPower test is not supported on vEOS-lab,Verifies the power supplies state and input voltage.,Hardware
dc2-leaf1,VerifyEnvironmentSystemCooling,skipped,VerifyEnvironmentSystemCooling test is not supported on vEOS-lab,Verifies the device's system cooling status.,Hardware
dc2-leaf1,VerifyInventory,skipped,VerifyInventory test is not supported on vEOS-lab,Verifies the physical hardware inventory of the device.,Hardware
dc2-leaf1,VerifyTemperature,skipped,VerifyTemperature test is not supported on vEOS-lab,Verifies if the device temperature is within acceptable limits.,Hardware
dc2-leaf1,VerifyTransceiversManufacturers,skipped,VerifyTransceiversManufacturers test is not supported on vEOS-lab,Verifies if all the transceivers come from approved manufacturers.,Hardware
dc2-leaf1,VerifyTransceiversTemperature,skipped,VerifyTransceiversTemperature test is not supported on vEOS-lab,Verifies if all the transceivers are operating at an acceptable temperature.,Hardware
dc2-leaf2,VerifyEnvironmentCooling,skipped,VerifyEnvironmentCooling test is not supported on vEOS-lab,Verifies the status of power supply fans and all fan trays.,Hardware
dc2-leaf2,VerifyEnvironmentPower,skipped,VerifyEnvironmentPower test is not supported on vEOS-lab,Verifies the power supplies state and input voltage.,Hardware
dc2-leaf2,VerifyEnvironmentSystemCooling,skipped,VerifyEnvironmentSystemCooling test is not supported on vEOS-lab,Verifies the device's system cooling status.,Hardware
dc2-leaf2,VerifyInventory,skipped,VerifyInventory test is not supported on vEOS-lab,Verifies the physical hardware inventory of the device.,Hardware
dc2-leaf2,VerifyTemperature,skipped,VerifyTemperature test is not supported on vEOS-lab,Verifies if the device temperature is within acceptable limits.,Hardware
dc2-leaf2,VerifyTransceiversManufacturers,skipped,VerifyTransceiversManufacturers test is not supported on vEOS-lab,Verifies if all the transceivers come from approved manufacturers.,Hardware
dc2-leaf2,VerifyTransceiversTemperature,skipped,VerifyTransceiversTemperature test is not supported on vEOS-lab,Verifies if all the transceivers are operating at an acceptable temperature.,Hardware
dc2-leaf3,VerifyEnvironmentCooling,skipped,VerifyEnvironmentCooling test is not supported on vEOS-lab,Verifies the status of power supply fans and all fan trays.,Hardware
dc2-leaf3,VerifyEnvironmentPower,skipped,VerifyEnvironmentPower test is not supported on vEOS-lab,Verifies the power supplies state and input voltage.,Hardware
dc2-leaf3,VerifyEnvironmentSystemCooling,skipped,VerifyEnvironmentSystemCooling test is not supported on vEOS-lab,Verifies the device's system cooling status.,Hardware
dc2-leaf3,VerifyInventory,skipped,VerifyInventory test is not supported on vEOS-lab,Verifies the physical hardware inventory of the device.,Hardware
dc2-leaf3,VerifyTemperature,skipped,VerifyTemperature test is not supported on vEOS-lab,Verifies if the device temperature is within acceptable limits.,Hardware
dc2-leaf3,VerifyTransceiversManufacturers,skipped,VerifyTransceiversManufacturers test is not supported on vEOS-lab,Verifies if all the transceivers come from approved manufacturers.,Hardware
dc2-leaf3,VerifyTransceiversTemperature,skipped,VerifyTransceiversTemperature test is not supported on vEOS-lab,Verifies if all the transceivers are operating at an acceptable temperature.,Hardware
dc2-leaf4,VerifyEnvironmentCooling,skipped,VerifyEnvironmentCooling test is not supported on vEOS-lab,Verifies the status of power supply fans and all fan trays.,Hardware
dc2-leaf4,VerifyEnvironmentPower,skipped,VerifyEnvironmentPower test is not supported on vEOS-lab,Verifies the power supplies state and input voltage.,Hardware
dc2-leaf4,VerifyEnvironmentSystemCooling,skipped,VerifyEnvironmentSystemCooling test is not supported on vEOS-lab,Verifies the device's system cooling status.,Hardware
dc2-leaf4,VerifyInventory,skipped,VerifyInventory test is not supported on vEOS-lab,Verifies the physical hardware inventory of the device.,Hardware
dc2-leaf4,VerifyTemperature,skipped,VerifyTemperature test is not supported on vEOS-lab,Verifies if the device temperature is within acceptable limits.,Hardware
dc2-leaf4,VerifyTransceiversManufacturers,skipped,VerifyTransceiversManufacturers test is not supported on vEOS-lab,Verifies if all the transceivers come from approved manufacturers.,Hardware
dc2-leaf4,VerifyTransceiversTemperature,skipped,VerifyTransceiversTemperature test is not supported on vEOS-lab,Verifies if all the transceivers are operating at an acceptable temperature.,Hardware
dc2-spine1,VerifyEnvironmentCooling,skipped,VerifyEnvironmentCooling test is not supported on vEOS-lab,Verifies the status of power supply fans and all fan trays.,Hardware
dc2-spine1,VerifyEnvironmentPower,skipped,VerifyEnvironmentPower test is not supported on vEOS-lab,Verifies the power supplies state and input voltage.,Hardware
dc2-spine1,VerifyEnvironmentSystemCooling,skipped,VerifyEnvironmentSystemCooling test is not supported on vEOS-lab,Verifies the device's system cooling status.,Hardware
dc2-spine1,VerifyInventory,skipped,VerifyInventory test is not supported on vEOS-lab,Verifies the physical hardware inventory of the device.,Hardware
dc2-spine1,VerifyTemperature,skipped,VerifyTemperature test is not supported on vEOS-lab,Verifies if the device temperature is within acceptable limits.,Hardware
dc2-spine1,VerifyTransceiversManufacturers,skipped,VerifyTransceiversManufacturers test is not supported on vEOS-lab,Verifies if all the transceivers come from approved manufacturers.,Hardware
dc2-spine1,VerifyTransceiversTemperature,skipped,VerifyTransceiversTemperature test is not supported on vEOS-lab,Verifies if all the transceivers are operating at an acceptable temperature.,Hardware
dc2-spine2,VerifyEnvironmentCooling,skipped,VerifyEnvironmentCooling test is not supported on vEOS-lab,Verifies the status of power supply fans and all fan trays.,Hardware
dc2-spine2,VerifyEnvironmentPower,skipped,VerifyEnvironmentPower test is not supported on vEOS-lab,Verifies the power supplies state and input voltage.,Hardware
dc2-spine2,VerifyEnvironmentSystemCooling,skipped,VerifyEnvironmentSystemCooling test is not supported on vEOS-lab,Verifies the device's system cooling status.,Hardware
dc2-spine2,VerifyInventory,skipped,VerifyInventory test is not supported on vEOS-lab,Verifies the physical hardware inventory of the device.,Hardware
dc2-spine2,VerifyTemperature,skipped,VerifyTemperature test is not supported on vEOS-lab,Verifies if the device temperature is within acceptable limits.,Hardware
dc2-spine2,VerifyTransceiversManufacturers,skipped,VerifyTransceiversManufacturers test is not supported on vEOS-lab,Verifies if all the transceivers come from approved manufacturers.,Hardware
dc2-spine2,VerifyTransceiversTemperature,skipped,VerifyTransceiversTemperature test is not supported on vEOS-lab,Verifies if all the transceivers are operating at an acceptable temperature.,Hardware
dc2-brdr1,VerifyBGPPeerSession,success,,Verifies the session state of BGP peers.,BGP
dc2-brdr1,VerifyRunningConfigDiffs,success,,Verifies there is no difference between the running-config and the startup-config.,Configuration
dc2-brdr1,VerifyZeroTouch,success,,Verifies ZeroTouch is disabled.,Configuration
dc2-brdr1,VerifyLLDPNeighbors,success,,Verifies the connection status of the specified LLDP (Link Layer Discovery Protocol) neighbors.,Connectivity
dc2-brdr1,VerifyReachability,success,,Verifies point-to-point reachability between Ethernet interfaces.,Connectivity
dc2-brdr1,VerifyIllegalLACP,success,,Verifies there are no illegal LACP packets in port channels.,Interfaces
dc2-brdr1,VerifyInterfaceDiscards,success,,Verifies that the interfaces packet discard counters are equal to zero.,Interfaces
dc2-brdr1,VerifyInterfaceErrDisabled,success,,Verifies there are no interfaces in the errdisabled state.,Interfaces
dc2-brdr1,VerifyInterfaceErrors,success,,Verifies that the interfaces error counters are equal to zero.,Interfaces
dc2-brdr1,VerifyInterfaceUtilization,success,,Verifies that the utilization of interfaces is below a certain threshold.,Interfaces
dc2-brdr1,VerifyInterfacesStatus,success,,Verifies the operational states of specified interfaces to ensure they match expected configurations.,Interfaces
dc2-brdr1,VerifyPortChannels,success,,Verifies there are no inactive ports in port channels.,Interfaces
dc2-brdr1,VerifyMlagConfigSanity,success,,Verifies there are no MLAG config-sanity inconsistencies.,MLAG
dc2-brdr1,VerifyMlagInterfaces,success,,Verifies there are no inactive or active-partial MLAG ports.,MLAG
dc2-brdr1,VerifyMlagStatus,success,,Verifies the health status of the MLAG configuration.,MLAG
dc2-brdr1,VerifyRoutingProtocolModel,success,,Verifies the configured routing protocol model.,Routing
dc2-brdr1,VerifySTPCounters,success,,Verifies there is no errors in STP BPDU packets.,STP
dc2-brdr1,VerifyAgentLogs,success,,Verifies there are no agent crash reports.,System
dc2-brdr1,VerifyCoredump,success,,Verifies there are no core dump files.,System
dc2-brdr1,VerifyFileSystemUtilization,success,,Verifies that no partition is utilizing more than 75% of its disk space.,System
dc2-brdr1,VerifyMaintenance,success,,Verifies that the device is not currently under or entering maintenance.,System
dc2-brdr1,VerifyMemoryUtilization,success,,Verifies whether the memory utilization is below 75%.,System
dc2-brdr1,VerifyNTP,success,,Verifies if NTP is synchronised.,System
dc2-brdr1,VerifyReloadCause,success,,Verifies the last reload cause of the device.,System
dc2-brdr1,VerifyVxlanConfigSanity,success,,Verifies there are no VXLAN config-sanity inconsistencies.,VXLAN
dc2-brdr2,VerifyBGPPeerSession,success,,Verifies the session state of BGP peers.,BGP
dc2-brdr2,VerifyRunningConfigDiffs,success,,Verifies there is no difference between the running-config and the startup-config.,Configuration
dc2-brdr2,VerifyZeroTouch,success,,Verifies ZeroTouch is disabled.,Configuration
dc2-brdr2,VerifyLLDPNeighbors,success,,Verifies the connection status of the specified LLDP (Link Layer Discovery Protocol) neighbors.,Connectivity
dc2-brdr2,VerifyReachability,success,,Verifies point-to-point reachability between Ethernet interfaces.,Connectivity
dc2-brdr2,VerifyIllegalLACP,success,,Verifies there are no illegal LACP packets in port channels.,Interfaces
dc2-brdr2,VerifyInterfaceDiscards,success,,Verifies that the interfaces packet discard counters are equal to zero.,Interfaces
dc2-brdr2,VerifyInterfaceErrDisabled,success,,Verifies there are no interfaces in the errdisabled state.,Interfaces
dc2-brdr2,VerifyInterfaceErrors,success,,Verifies that the interfaces error counters are equal to zero.,Interfaces
dc2-brdr2,VerifyInterfaceUtilization,success,,Verifies that the utilization of interfaces is below a certain threshold.,Interfaces
dc2-brdr2,VerifyInterfacesStatus,success,,Verifies the operational states of specified interfaces to ensure they match expected configurations.,Interfaces
dc2-brdr2,VerifyPortChannels,success,,Verifies there are no inactive ports in port channels.,Interfaces
dc2-brdr2,VerifyMlagConfigSanity,success,,Verifies there are no MLAG config-sanity inconsistencies.,MLAG
dc2-brdr2,VerifyMlagInterfaces,success,,Verifies there are no inactive or active-partial MLAG ports.,MLAG
dc2-brdr2,VerifyMlagStatus,success,,Verifies the health status of the MLAG configuration.,MLAG
dc2-brdr2,VerifyRoutingProtocolModel,success,,Verifies the configured routing protocol model.,Routing
dc2-brdr2,VerifySTPCounters,success,,Verifies there is no errors in STP BPDU packets.,STP
dc2-brdr2,VerifyAgentLogs,success,,Verifies there are no agent crash reports.,System
dc2-brdr2,VerifyCoredump,success,,Verifies there are no core dump files.,System
dc2-brdr2,VerifyFileSystemUtilization,success,,Verifies that no partition is utilizing more than 75% of its disk space.,System
dc2-brdr2,VerifyMaintenance,success,,Verifies that the device is not currently under or entering maintenance.,System
dc2-brdr2,VerifyMemoryUtilization,success,,Verifies whether the memory utilization is below 75%.,System
dc2-brdr2,VerifyNTP,success,,Verifies if NTP is synchronised.,System
dc2-brdr2,VerifyReloadCause,success,,Verifies the last reload cause of the device.,System
dc2-brdr2,VerifyVxlanConfigSanity,success,,Verifies there are no VXLAN config-sanity inconsistencies.,VXLAN
dc2-leaf1,VerifyBGPPeerSession,success,,Verifies the session state of BGP peers.,BGP
dc2-leaf1,VerifyRunningConfigDiffs,success,,Verifies there is no difference between the running-config and the startup-config.,Configuration
dc2-leaf1,VerifyZeroTouch,success,,Verifies ZeroTouch is disabled.,Configuration
dc2-leaf1,VerifyLLDPNeighbors,success,,Verifies the connection status of the specified LLDP (Link Layer Discovery Protocol) neighbors.,Connectivity
dc2-leaf1,VerifyReachability,success,,Verifies point-to-point reachability between Ethernet interfaces.,Connectivity
dc2-leaf1,VerifyIllegalLACP,success,,Verifies there are no illegal LACP packets in port channels.,Interfaces
dc2-leaf1,VerifyInterfaceDiscards,success,,Verifies that the interfaces packet discard counters are equal to zero.,Interfaces
dc2-leaf1,VerifyInterfaceErrDisabled,success,,Verifies there are no interfaces in the errdisabled state.,Interfaces
dc2-leaf1,VerifyInterfaceErrors,success,,Verifies that the interfaces error counters are equal to zero.,Interfaces
dc2-leaf1,VerifyInterfaceUtilization,success,,Verifies that the utilization of interfaces is below a certain threshold.,Interfaces
dc2-leaf1,VerifyInterfacesStatus,success,,Verifies the operational states of specified interfaces to ensure they match expected configurations.,Interfaces
dc2-leaf1,VerifyPortChannels,success,,Verifies there are no inactive ports in port channels.,Interfaces
dc2-leaf1,VerifyMlagConfigSanity,success,,Verifies there are no MLAG config-sanity inconsistencies.,MLAG
dc2-leaf1,VerifyMlagInterfaces,success,,Verifies there are no inactive or active-partial MLAG ports.,MLAG
dc2-leaf1,VerifyMlagStatus,success,,Verifies the health status of the MLAG configuration.,MLAG
dc2-leaf1,VerifyRoutingProtocolModel,success,,Verifies the configured routing protocol model.,Routing
dc2-leaf1,VerifySTPCounters,success,,Verifies there is no errors in STP BPDU packets.,STP
dc2-leaf1,VerifyAgentLogs,success,,Verifies there are no agent crash reports.,System
dc2-leaf1,VerifyCoredump,success,,Verifies there are no core dump files.,System
dc2-leaf1,VerifyFileSystemUtilization,success,,Verifies that no partition is utilizing more than 75% of its disk space.,System
dc2-leaf1,VerifyMaintenance,success,,Verifies that the device is not currently under or entering maintenance.,System
dc2-leaf1,VerifyMemoryUtilization,success,,Verifies whether the memory utilization is below 75%.,System
dc2-leaf1,VerifyNTP,success,,Verifies if NTP is synchronised.,System
dc2-leaf1,VerifyReloadCause,success,,Verifies the last reload cause of the device.,System
dc2-leaf1,VerifyVxlanConfigSanity,success,,Verifies there are no VXLAN config-sanity inconsistencies.,VXLAN
dc2-leaf2,VerifyBGPPeerSession,success,,Verifies the session state of BGP peers.,BGP
dc2-leaf2,VerifyRunningConfigDiffs,success,,Verifies there is no difference between the running-config and the startup-config.,Configuration
dc2-leaf2,VerifyZeroTouch,success,,Verifies ZeroTouch is disabled.,Configuration
dc2-leaf2,VerifyLLDPNeighbors,success,,Verifies the connection status of the specified LLDP (Link Layer Discovery Protocol) neighbors.,Connectivity
dc2-leaf2,VerifyReachability,success,,Verifies point-to-point reachability between Ethernet interfaces.,Connectivity
dc2-leaf2,VerifyIllegalLACP,success,,Verifies there are no illegal LACP packets in port channels.,Interfaces
dc2-leaf2,VerifyInterfaceDiscards,success,,Verifies that the interfaces packet discard counters are equal to zero.,Interfaces
dc2-leaf2,VerifyInterfaceErrDisabled,success,,Verifies there are no interfaces in the errdisabled state.,Interfaces
dc2-leaf2,VerifyInterfaceErrors,success,,Verifies that the interfaces error counters are equal to zero.,Interfaces
dc2-leaf2,VerifyInterfaceUtilization,success,,Verifies that the utilization of interfaces is below a certain threshold.,Interfaces
dc2-leaf2,VerifyInterfacesStatus,success,,Verifies the operational states of specified interfaces to ensure they match expected configurations.,Interfaces
dc2-leaf2,VerifyPortChannels,success,,Verifies there are no inactive ports in port channels.,Interfaces
dc2-leaf2,VerifyMlagConfigSanity,success,,Verifies there are no MLAG config-sanity inconsistencies.,MLAG
dc2-leaf2,VerifyMlagInterfaces,success,,Verifies there are no inactive or active-partial MLAG ports.,MLAG
dc2-leaf2,VerifyMlagStatus,success,,Verifies the health status of the MLAG configuration.,MLAG
dc2-leaf2,VerifyRoutingProtocolModel,success,,Verifies the configured routing protocol model.,Routing
dc2-leaf2,VerifySTPCounters,success,,Verifies there is no errors in STP BPDU packets.,STP
dc2-leaf2,VerifyAgentLogs,success,,Verifies there are no agent crash reports.,System
dc2-leaf2,VerifyCoredump,success,,Verifies there are no core dump files.,System
dc2-leaf2,VerifyFileSystemUtilization,success,,Verifies that no partition is utilizing more than 75% of its disk space.,System
dc2-leaf2,VerifyMaintenance,success,,Verifies that the device is not currently under or entering maintenance.,System
dc2-leaf2,VerifyMemoryUtilization,success,,Verifies whether the memory utilization is below 75%.,System
dc2-leaf2,VerifyNTP,success,,Verifies if NTP is synchronised.,System
dc2-leaf2,VerifyReloadCause,success,,Verifies the last reload cause of the device.,System
dc2-leaf2,VerifyVxlanConfigSanity,success,,Verifies there are no VXLAN config-sanity inconsistencies.,VXLAN
dc2-leaf3,VerifyBGPPeerSession,success,,Verifies the session state of BGP peers.,BGP
dc2-leaf3,VerifyRunningConfigDiffs,success,,Verifies there is no difference between the running-config and the startup-config.,Configuration
dc2-leaf3,VerifyZeroTouch,success,,Verifies ZeroTouch is disabled.,Configuration
dc2-leaf3,VerifyLLDPNeighbors,success,,Verifies the connection status of the specified LLDP (Link Layer Discovery Protocol) neighbors.,Connectivity
dc2-leaf3,VerifyReachability,success,,Verifies point-to-point reachability between Ethernet interfaces.,Connectivity
dc2-leaf3,VerifyIllegalLACP,success,,Verifies there are no illegal LACP packets in port channels.,Interfaces
dc2-leaf3,VerifyInterfaceDiscards,success,,Verifies that the interfaces packet discard counters are equal to zero.,Interfaces
dc2-leaf3,VerifyInterfaceErrDisabled,success,,Verifies there are no interfaces in the errdisabled state.,Interfaces
dc2-leaf3,VerifyInterfaceErrors,success,,Verifies that the interfaces error counters are equal to zero.,Interfaces
dc2-leaf3,VerifyInterfaceUtilization,success,,Verifies that the utilization of interfaces is below a certain threshold.,Interfaces
dc2-leaf3,VerifyInterfacesStatus,success,,Verifies the operational states of specified interfaces to ensure they match expected configurations.,Interfaces
dc2-leaf3,VerifyPortChannels,success,,Verifies there are no inactive ports in port channels.,Interfaces
dc2-leaf3,VerifyMlagConfigSanity,success,,Verifies there are no MLAG config-sanity inconsistencies.,MLAG
dc2-leaf3,VerifyMlagInterfaces,success,,Verifies there are no inactive or active-partial MLAG ports.,MLAG
dc2-leaf3,VerifyMlagStatus,success,,Verifies the health status of the MLAG configuration.,MLAG
dc2-leaf3,VerifyRoutingProtocolModel,success,,Verifies the configured routing protocol model.,Routing
dc2-leaf3,VerifySTPCounters,success,,Verifies there is no errors in STP BPDU packets.,STP
dc2-leaf3,VerifyAgentLogs,success,,Verifies there are no agent crash reports.,System
dc2-leaf3,VerifyCoredump,success,,Verifies there are no core dump files.,System
dc2-leaf3,VerifyFileSystemUtilization,success,,Verifies that no partition is utilizing more than 75% of its disk space.,System
dc2-leaf3,VerifyMaintenance,success,,Verifies that the device is not currently under or entering maintenance.,System
dc2-leaf3,VerifyMemoryUtilization,success,,Verifies whether the memory utilization is below 75%.,System
dc2-leaf3,VerifyNTP,success,,Verifies if NTP is synchronised.,System
dc2-leaf3,VerifyReloadCause,success,,Verifies the last reload cause of the device.,System
dc2-leaf3,VerifyVxlanConfigSanity,success,,Verifies there are no VXLAN config-sanity inconsistencies.,VXLAN
dc2-leaf4,VerifyBGPPeerSession,success,,Verifies the session state of BGP peers.,BGP
dc2-leaf4,VerifyRunningConfigDiffs,success,,Verifies there is no difference between the running-config and the startup-config.,Configuration
dc2-leaf4,VerifyZeroTouch,success,,Verifies ZeroTouch is disabled.,Configuration
dc2-leaf4,VerifyLLDPNeighbors,success,,Verifies the connection status of the specified LLDP (Link Layer Discovery Protocol) neighbors.,Connectivity
dc2-leaf4,VerifyReachability,success,,Verifies point-to-point reachability between Ethernet interfaces.,Connectivity
dc2-leaf4,VerifyIllegalLACP,success,,Verifies there are no illegal LACP packets in port channels.,Interfaces
dc2-leaf4,VerifyInterfaceDiscards,success,,Verifies that the interfaces packet discard counters are equal to zero.,Interfaces
dc2-leaf4,VerifyInterfaceErrDisabled,success,,Verifies there are no interfaces in the errdisabled state.,Interfaces
dc2-leaf4,VerifyInterfaceErrors,success,,Verifies that the interfaces error counters are equal to zero.,Interfaces
dc2-leaf4,VerifyInterfaceUtilization,success,,Verifies that the utilization of interfaces is below a certain threshold.,Interfaces
dc2-leaf4,VerifyInterfacesStatus,success,,Verifies the operational states of specified interfaces to ensure they match expected configurations.,Interfaces
dc2-leaf4,VerifyPortChannels,success,,Verifies there are no inactive ports in port channels.,Interfaces
dc2-leaf4,VerifyMlagConfigSanity,success,,Verifies there are no MLAG config-sanity inconsistencies.,MLAG
dc2-leaf4,VerifyMlagInterfaces,success,,Verifies there are no inactive or active-partial MLAG ports.,MLAG
dc2-leaf4,VerifyMlagStatus,success,,Verifies the health status of the MLAG configuration.,MLAG
dc2-leaf4,VerifyRoutingProtocolModel,success,,Verifies the configured routing protocol model.,Routing
dc2-leaf4,VerifySTPCounters,success,,Verifies there is no errors in STP BPDU packets.,STP
dc2-leaf4,VerifyAgentLogs,success,,Verifies there are no agent crash reports.,System
dc2-leaf4,VerifyCoredump,success,,Verifies there are no core dump files.,System
dc2-leaf4,VerifyFileSystemUtilization,success,,Verifies that no partition is utilizing more than 75% of its disk space.,System
dc2-leaf4,VerifyMaintenance,success,,Verifies that the device is not currently under or entering maintenance.,System
dc2-leaf4,VerifyMemoryUtilization,success,,Verifies whether the memory utilization is below 75%.,System
dc2-leaf4,VerifyNTP,success,,Verifies if NTP is synchronised.,System
dc2-leaf4,VerifyReloadCause,success,,Verifies the last reload cause of the device.,System
dc2-leaf4,VerifyVxlanConfigSanity,success,,Verifies there are no VXLAN config-sanity inconsistencies.,VXLAN
dc2-spine1,VerifyBGPPeerSession,success,,Verifies the session state of BGP peers.,BGP
dc2-spine1,VerifyRunningConfigDiffs,success,,Verifies there is no difference between the running-config and the startup-config.,Configuration
dc2-spine1,VerifyZeroTouch,success,,Verifies ZeroTouch is disabled.,Configuration
dc2-spine1,VerifyLLDPNeighbors,success,,Verifies the connection status of the specified LLDP (Link Layer Discovery Protocol) neighbors.,Connectivity
dc2-spine1,VerifyReachability,success,,Verifies point-to-point reachability between Ethernet interfaces.,Connectivity
dc2-spine1,VerifyInterfaceDiscards,success,,Verifies that the interfaces packet discard counters are equal to zero.,Interfaces
dc2-spine1,VerifyInterfaceErrDisabled,success,,Verifies there are no interfaces in the errdisabled state.,Interfaces
dc2-spine1,VerifyInterfaceErrors,success,,Verifies that the interfaces error counters are equal to zero.,Interfaces
dc2-spine1,VerifyInterfaceUtilization,success,,Verifies that the utilization of interfaces is below a certain threshold.,Interfaces
dc2-spine1,VerifyInterfacesStatus,success,,Verifies the operational states of specified interfaces to ensure they match expected configurations.,Interfaces
dc2-spine1,VerifyRoutingProtocolModel,success,,Verifies the configured routing protocol model.,Routing
dc2-spine1,VerifySTPCounters,success,,Verifies there is no errors in STP BPDU packets.,STP
dc2-spine1,VerifyAgentLogs,success,,Verifies there are no agent crash reports.,System
dc2-spine1,VerifyCoredump,success,,Verifies there are no core dump files.,System
dc2-spine1,VerifyFileSystemUtilization,success,,Verifies that no partition is utilizing more than 75% of its disk space.,System
dc2-spine1,VerifyMaintenance,success,,Verifies that the device is not currently under or entering maintenance.,System
dc2-spine1,VerifyMemoryUtilization,success,,Verifies whether the memory utilization is below 75%.,System
dc2-spine1,VerifyNTP,success,,Verifies if NTP is synchronised.,System
dc2-spine1,VerifyReloadCause,success,,Verifies the last reload cause of the device.,System
dc2-spine2,VerifyBGPPeerSession,success,,Verifies the session state of BGP peers.,BGP
dc2-spine2,VerifyRunningConfigDiffs,success,,Verifies there is no difference between the running-config and the startup-config.,Configuration
dc2-spine2,VerifyZeroTouch,success,,Verifies ZeroTouch is disabled.,Configuration
dc2-spine2,VerifyLLDPNeighbors,success,,Verifies the connection status of the specified LLDP (Link Layer Discovery Protocol) neighbors.,Connectivity
dc2-spine2,VerifyReachability,success,,Verifies point-to-point reachability between Ethernet interfaces.,Connectivity
dc2-spine2,VerifyInterfaceDiscards,success,,Verifies that the interfaces packet discard counters are equal to zero.,Interfaces
dc2-spine2,VerifyInterfaceErrDisabled,success,,Verifies there are no interfaces in the errdisabled state.,Interfaces
dc2-spine2,VerifyInterfaceErrors,success,,Verifies that the interfaces error counters are equal to zero.,Interfaces
dc2-spine2,VerifyInterfaceUtilization,success,,Verifies that the utilization of interfaces is below a certain threshold.,Interfaces
dc2-spine2,VerifyInterfacesStatus,success,,Verifies the operational states of specified interfaces to ensure they match expected configurations.,Interfaces
dc2-spine2,VerifyRoutingProtocolModel,success,,Verifies the configured routing protocol model.,Routing
dc2-spine2,VerifySTPCounters,success,,Verifies there is no errors in STP BPDU packets.,STP
dc2-spine2,VerifyAgentLogs,success,,Verifies there are no agent crash reports.,System
dc2-spine2,VerifyCoredump,success,,Verifies there are no core dump files.,System
dc2-spine2,VerifyFileSystemUtilization,success,,Verifies that no partition is utilizing more than 75% of its disk space.,System
dc2-spine2,VerifyMaintenance,success,,Verifies that the device is not currently under or entering maintenance.,System
dc2-spine2,VerifyMemoryUtilization,success,,Verifies whether the memory utilization is below 75%.,System
dc2-spine2,VerifyNTP,success,,Verifies if NTP is synchronised.,System
dc2-spine2,VerifyReloadCause,success,,Verifies the last reload cause of the device.,System
